1;Naej1efzio;Jean1;Avignon;France;O;Bonjour je suis Jean et j'aime les voyages. Je serai ravi de vous accueilir
2;Naej2;Jean2;Avignon;France;O;Bonjour je suis Jean et j'aime les voyages. Je serai ravi de vous accueilir
3;Naej3;Jean3;Avignon;France;O;Bonjour je suis Jean et j'aime les voyages. Je serai ravi de vous accueilir
4;Naej4;Jean4;Avignon;France;O;Bonjour je suis Jean et j'aime les voyages. Je serai ravi de vous accueilir
5;Naej5;Jean5;Avignon;France;O;Bonjour je suis Jean et j'aime les voyages. Je serai ravi de vous accueilir
6;Naej6;Jean6;Avignon;France;O;Bonjour je suis Jean et j'aime les voyages. Je serai ravi de vous accueilir
7;Naej7;Jean7;Avignon;France;O;Bonjour je suis Jean et j'aime les voyages. Je serai ravi de vous accueilir
8;Naej8;Jean8;Avignon;France;O;Bonjour je suis Jean et j'aime les voyages. Je serai ravi de vous accueilir
9;Naej9;Jean9;Avignon;France;O;Bonjour je suis Jean et j'aime les voyages. Je serai ravi de vous accueilir
10;Naej10;Jean10;Avignon;France;O;Bonjour je suis Jean et j'aime les voyages. Je serai ravi de vous accueilir
11;Naej11;Jean11;Avignon;France;O;Bonjour je suis Jean et j'aime les voyages. Je serai ravi de vous accueilir
12;Naej12;Jean12;Avignon;France;O;Bonjour je suis Jean et j'aime les voyages. Je serai ravi de vous accueilir
13;Naej13nefjognio;Jean13juiçj;Avignon;Francehhh;N;Bonjour je suis Jean et j'aime les voyages. Je serai ravi de vous accueilir
14;Naej14;Jean14;Avignon;France;O;Bonjour je suis Jean et j'aime les voyages. Je serai ravi de vous accueilir
15;Naej15;Jean15;Avignon;France;O;Bonjour je suis Jean et j'aime les voyages. Je serai ravi de vous accueilir
16;Naej16;Jean16;Avignon;France;O;Bonjour je suis Jean et j'aime les voyages. Je serai ravi de vous accueilir
17;Naej17;Jean17;Avignon;France;O;Bonjour je suis Jean et j'aime les voyages. Je serai ravi de vous accueilir
18;Naej18;Jean18;Avignon;France;O;Bonjour je suis Jean et j'aime les voyages. Je serai ravi de vous accueilir
19;Naej19;Jean19;Avignon;France;O;Bonjour je suis Jean et j'aime les voyages. Je serai ravi de vous accueilir
20;Naej20;Jean20;Avignon;France;O;Bonjour je suis Jean et j'aime les voyages. Je serai ravi de vous accueilir
21;Naej21;Jean21;Avignon;France;O;Bonjour je suis Jean et j'aime les voyages. Je serai ravi de vous accueilir
22;Naej22;Jean22;Avignon;France;O;Bonjour je suis Jean et j'aime les voyages. Je serai ravi de vous accueilir
23;Naej23;Jean23;Avignon;France;O;Bonjour je suis Jean et j'aime les voyages. Je serai ravi de vous accueilir
24;Naej24;Jean24;Avignon;France;O;Bonjour je suis Jean et j'aime les voyages. Je serai ravi de vous accueilir
25;Naej25;Jean25;Avignon;France;O;Bonjour je suis Jean et j'aime les voyages. Je serai ravi de vous accueilir
26;Naej26;Jean26;Avignon;France;O;Bonjour je suis Jean et j'aime les voyages. Je serai ravi de vous accueilir
27;Naej27;Jean27;Avignon;France;O;Bonjour je suis Jean et j'aime les voyages. Je serai ravi de vous accueilir
28;Naej28;Jean28;Avignon;France;O;Bonjour je suis Jean et j'aime les voyages. Je serai ravi de vous accueilir
29;Naej29;Jean29;Avignon;France;O;Bonjour je suis Jean et j'aime les voyages. Je serai ravi de vous accueilir
30;Naej30;Jean30;Avignon;France;O;Bonjour je suis Jean et j'aime les voyages. Je serai ravi de vous accueilir
31;Naej31;Jean31;Avignon;France;O;Bonjour je suis Jean et j'aime les voyages. Je serai ravi de vous accueilir
32;Naej32;Jean32;Avignon;France;O;Bonjour je suis Jean et j'aime les voyages. Je serai ravi de vous accueilir
33;Naej33;Jean33;Avignon;France;O;Bonjour je suis Jean et j'aime les voyages. Je serai ravi de vous accueilir
34;Naej34;Jean34;Avignon;France;O;Bonjour je suis Jean et j'aime les voyages. Je serai ravi de vous accueilir
35;Naej35;Jean35;Avignon;France;O;Bonjour je suis Jean et j'aime les voyages. Je serai ravi de vous accueilir
36;NaejLe36;Jean36eme;Avi;France;O;Bonjour je suis Jean et j'aime les voyages. Je serai ravi de vous accueilir okok
37;Naej37;Jean37;Avignon;France;O;Bonjour je suis Jean et j'aime les voyages. Je serai ravi de vous accueilir
38;Naej38;Jean38;Avignon;France;O;Bonjour je suis Jean et j'aime les voyages. Je serai ravi de vous accueilir
39;Naej39;Jean39;Avignon;France;O;Bonjour je suis Jean et j'aime les voyages. Je serai ravi de vous accueilir
40;Naej40;Jean40;Avignon;France;O;Bonjour je suis Jean et j'aime les voyages. Je serai ravi de vous accueilir
41;Naej41;Jean41;Avignon;France;O;Bonjour je suis Jean et j'aime les voyages. Je serai ravi de vous accueilir
42;Naej42;Jean42;Avignon;France;O;Bonjour je suis Jean et j'aime les voyages. Je serai ravi de vous accueilir
43;Naej43;Jean43;Avignon;France;O;Bonjour je suis Jean et j'aime les voyages. Je serai ravi de vous accueilir
44;Naej44;Jean44;Avignon;France;O;Bonjour je suis Jean et j'aime les voyages. Je serai ravi de vous accueilir
45;Naej45;Jean45;Avignon;France;O;Bonjour je suis Jean et j'aime les voyages. Je serai ravi de vous accueilir
46;Naej46;Jean46;Avignon;France;O;Bonjour je suis Jean et j'aime les voyages. Je serai ravi de vous accueilir
47;Naej47;Jean47;Avignon;France;O;Bonjour je suis Jean et j'aime les voyages. Je serai ravi de vous accueilir
48;Naej48;Jean48;Avignon;France;O;Bonjour je suis Jean et j'aime les voyages. Je serai ravi de vous accueilir
49;Naej49;Jean49;Avignon;France;O;Bonjour je suis Jean et j'aime les voyages. Je serai ravi de vous accueilir
50;Naej50PAODo;Jean50KIolo;Berlin;Allemagne;N;Bonjour je suis Jean et j'aime les voyages
51;Naej51;Jean51;Avignon;France;N;Bonjour je suis Jean et j'aime les voyages. Je serai ravi de venir chez vous
52;Naej52;Jean52;Avignon;France;N;Bonjour je suis Jean et j'aime les voyages. Je serai ravi de venir chez vous
53;Naej53;Jean53;Avignon;France;N;Bonjour je suis Jean et j'aime les voyages. Je serai ravi de venir chez vous
54;Naej54;Jean54;Avignon;France;N;Bonjour je suis Jean et j'aime les voyages. Je serai ravi de venir chez vous
55;Naej55;Jean55;Avignon;France;N;Bonjour je suis Jean et j'aime les voyages. Je serai ravi de venir chez vous
56;Naej56;Jean56;Avignon;France;N;Bonjour je suis Jean et j'aime les voyages. Je serai ravi de venir chez vous
57;Naej57;Jean57;Avignon;France;N;Bonjour je suis Jean et j'aime les voyages. Je serai ravi de venir chez vous
58;Naej58;Jean58;Avignon;France;N;Bonjour je suis Jean et j'aime les voyages. Je serai ravi de venir chez vous
59;Naej59;Jean59;Avignon;France;N;Bonjour je suis Jean et j'aime les voyages. Je serai ravi de venir chez vous
60;Naej60;Jean60;Avignon;France;N;Bonjour je suis Jean et j'aime les voyages. Je serai ravi de venir chez vous
61;Naej61;Jean61;Avignon;France;N;Bonjour je suis Jean et j'aime les voyages. Je serai ravi de venir chez vous
62;Naej62;Jean62;Avignon;France;N;Bonjour je suis Jean et j'aime les voyages. Je serai ravi de venir chez vous
63;Naej63;Jean63;Avignon;France;N;Bonjour je suis Jean et j'aime les voyages. Je serai ravi de venir chez vous
64;Naej64;Jean64;Avignon;France;N;Bonjour je suis Jean et j'aime les voyages. Je serai ravi de venir chez vous
65;Naej65;Jean65;Avignon;France;N;Bonjour je suis Jean et j'aime les voyages. Je serai ravi de venir chez vous
66;Naej66;Jean66;Avignon;France;N;Bonjour je suis Jean et j'aime les voyages. Je serai ravi de venir chez vous
67;Naej67;Jean67;Avignon;France;N;Bonjour je suis Jean et j'aime les voyages. Je serai ravi de venir chez vous
68;Naej68;Jean68;Avignon;France;N;Bonjour je suis Jean et j'aime les voyages. Je serai ravi de venir chez vous
69;Naej69;Jean69;Avignon;France;N;Bonjour je suis Jean et j'aime les voyages. Je serai ravi de venir chez vous
70;Naej70;Jean70;Avignon;France;N;Bonjour je suis Jean et j'aime les voyages. Je serai ravi de venir chez vous
71;Naej71;Jean71;Avignon;France;N;Bonjour je suis Jean et j'aime les voyages. Je serai ravi de venir chez vous
72;Naej72;Jean72;Avignon;France;N;Bonjour je suis Jean et j'aime les voyages. Je serai ravi de venir chez vous
73;Naej73;Jean73;Avignon;France;N;Bonjour je suis Jean et j'aime les voyages. Je serai ravi de venir chez vous
74;Naej74;Jean74;Avignon;France;N;Bonjour je suis Jean et j'aime les voyages. Je serai ravi de venir chez vous
75;Naej75;Jean75;Avignon;France;N;Bonjour je suis Jean et j'aime les voyages. Je serai ravi de venir chez vous
76;Naej76;Jean76;Avignon;France;N;Bonjour je suis Jean et j'aime les voyages. Je serai ravi de venir chez vous
77;Naej77;Jean77;Avignon;France;N;Bonjour je suis Jean et j'aime les voyages. Je serai ravi de venir chez vous
78;Naej78;Jean78;Avignon;France;N;Bonjour je suis Jean et j'aime les voyages. Je serai ravi de venir chez vous
79;Naej79;Jean79;Avignon;France;N;Bonjour je suis Jean et j'aime les voyages. Je serai ravi de venir chez vous
80;Naej80;Jean80;Avignon;France;N;Bonjour je suis Jean et j'aime les voyages. Je serai ravi de venir chez vous
81;Naej81;Jean81;Avignon;France;N;Bonjour je suis Jean et j'aime les voyages. Je serai ravi de venir chez vous
82;Naej82;Jean82;Avignon;France;N;Bonjour je suis Jean et j'aime les voyages. Je serai ravi de venir chez vous
83;Naej83;Jean83;Avignon;France;N;Bonjour je suis Jean et j'aime les voyages. Je serai ravi de venir chez vous
84;Naej84;Jean84;Avignon;France;N;Bonjour je suis Jean et j'aime les voyages. Je serai ravi de venir chez vous
85;Naej85;Jean85;Avignon;France;N;Bonjour je suis Jean et j'aime les voyages. Je serai ravi de venir chez vous
86;Naej86;Jean86;Avignon;France;N;Bonjour je suis Jean et j'aime les voyages. Je serai ravi de venir chez vous
87;Naej87;Jean87;Avignon;France;N;Bonjour je suis Jean et j'aime les voyages. Je serai ravi de venir chez vous
88;Naej88;Jean88;Avignon;France;N;Bonjour je suis Jean et j'aime les voyages. Je serai ravi de venir chez vous
89;Naej89;Jean89;Avignon;France;N;Bonjour je suis Jean et j'aime les voyages. Je serai ravi de venir chez vous
90;Naej90;Jean90;Avignon;France;N;Bonjour je suis Jean et j'aime les voyages. Je serai ravi de venir chez vous
91;Naej91;Jean91;Avignon;France;N;Bonjour je suis Jean et j'aime les voyages. Je serai ravi de venir chez vous
92;Naej92;Jean92;Avignon;France;N;Bonjour je suis Jean et j'aime les voyages. Je serai ravi de venir chez vous
93;Naej93;Jean93;Avignon;France;N;Bonjour je suis Jean et j'aime les voyages. Je serai ravi de venir chez vous
94;Naej94;Jean94;Avignon;France;N;Bonjour je suis Jean et j'aime les voyages. Je serai ravi de venir chez vous
95;Naej95;Jean95;Avignon;France;N;Bonjour je suis Jean et j'aime les voyages. Je serai ravi de venir chez vous
96;Naej96;Jean96;Avignon;France;N;Bonjour je suis Jean et j'aime les voyages. Je serai ravi de venir chez vous
97;Naej97;Jean97;Avignon;France;N;Bonjour je suis Jean et j'aime les voyages. Je serai ravi de venir chez vous
98;Naej98;Jean98;Avignon;France;N;Bonjour je suis Jean et j'aime les voyages. Je serai ravi de venir chez vous
99;Naej99;Jean99;Avignon;France;N;Bonjour je suis Jean et j'aime les voyages. Je serai ravi de venir chez vous
100;Naej100;Jean100;Avignon;France;N;Bonjour je suis Jean et j'aime les voyages. Je serai ravi de venir chez vous
